envelope_id,contract_id,status,sent_at,signer_email
NW-SIG-00000,NW-K-00120,sent,2026-02-12T15:01,michellehill@morgan-french.com
NW-SIG-00001,NW-K-00249,sent,2026-07-12T03:37,campbellkenneth@carpenter.info
NW-SIG-00002,NW-K-00166,signed,2026-07-05T06:42,jreed@bennett.com
NW-SIG-00003,NW-K-00090,viewed,2026-06-19T23:16,xhall@williams-garner.biz
NW-SIG-00004,NW-K-00035,signed,2026-06-09T12:42,ymcneil@pollard.net
NW-SIG-00005,NW-K-00167,signed,2026-02-06T06:03,molly71@lozano.com
NW-SIG-00006,NW-K-00046,viewed,2026-03-08T07:47,harrisontanya@hanson-sanders.com
NW-SIG-00007,NW-K-00000,signed,2026-03-12T07:47,melissa86@sims-clay.info
NW-SIG-00008,NW-K-00231,signed,2026-06-13T19:54,williamsonjimmy@mccall.biz
NW-SIG-00009,NW-K-00228,sent,2026-05-16T07:54,hodgesjane@wallace.com
NW-SIG-00010,NW-K-00153,signed,2026-05-11T15:36,williamslaura@howard-jordan.com
NW-SIG-00011,NW-K-00222,signed,2026-05-27T01:46,yknight@jackson.org
NW-SIG-00012,NW-K-00045,signed,2026-07-30T14:29,pharvey@durham-thomas.info
NW-SIG-00013,NW-K-00206,signed,2026-05-07T14:59,steve07@byrd-moore.info
NW-SIG-00014,NW-K-00031,viewed,2026-02-03T00:10,vanessa46@wright.biz
NW-SIG-00015,NW-K-00000,signed,2026-06-01T21:24,yrodriguez@howard.com
NW-SIG-00016,NW-K-00056,declined,2026-01-25T11:39,khill@osborne.info
NW-SIG-00017,NW-K-00120,signed,2026-06-15T11:50,kimberly39@robinson-lee.com
NW-SIG-00018,NW-K-00162,signed,2026-06-20T01:29,courtneyberger@williams.com
NW-SIG-00019,NW-K-00195,signed,2026-04-05T09:40,christopherphillips@perry.com
NW-SIG-00020,NW-K-00088,signed,2026-03-27T11:24,maria47@francis-morgan.com
NW-SIG-00021,NW-K-00196,signed,2026-06-02T07:07,jmccarty@dalton.biz
NW-SIG-00022,NW-K-00213,sent,2026-03-03T03:12,christopher60@herrera-gibson.com
NW-SIG-00023,NW-K-00068,sent,2026-01-19T11:24,xcarson@leonard.com
NW-SIG-00024,NW-K-00073,signed,2026-07-21T09:23,rose31@colon.biz
NW-SIG-00025,NW-K-00223,voided,2026-03-07T02:31,taylorsophia@ferrell-wilson.com
NW-SIG-00026,NW-K-00043,sent,2026-06-23T21:03,paulwatson@horton.com
NW-SIG-00027,NW-K-00233,declined,2026-06-27T16:51,fpena@russell.com
NW-SIG-00028,NW-K-00092,signed,2026-06-27T02:07,scottsampson@garcia-jennings.net
NW-SIG-00029,NW-K-00230,viewed,2026-04-11T01:03,bruce43@rush.com
NW-SIG-00030,NW-K-00095,signed,2026-01-16T06:15,darleneharper@williams.com
NW-SIG-00031,NW-K-00255,signed,2026-04-15T07:40,kristinharris@clark.com
NW-SIG-00032,NW-K-00256,viewed,2026-06-04T21:24,kristinacarlson@garrison-thomas.com
NW-SIG-00033,NW-K-00017,voided,2026-07-20T01:23,lauren10@smith.org
NW-SIG-00034,NW-K-00188,sent,2026-07-19T09:12,alfred40@harmon.com
NW-SIG-00035,NW-K-00040,sent,2026-05-01T21:23,alvarezkimberly@wheeler.org
NW-SIG-00036,NW-K-00238,signed,2026-02-16T17:22,acostaregina@boyd.com
NW-SIG-00037,NW-K-00125,signed,2026-02-12T16:46,bboone@rodriguez.com
NW-SIG-00038,NW-K-00159,signed,2026-05-26T19:04,charlene12@weber-richards.com
NW-SIG-00039,NW-K-00005,signed,2026-07-31T11:21,hvang@chavez-jacobs.com
NW-SIG-00040,NW-K-00240,signed,2026-05-22T02:56,farrelldebra@le.com
NW-SIG-00041,NW-K-00215,viewed,2026-05-07T19:02,dmorgan@perry-davis.biz
NW-SIG-00042,NW-K-00148,sent,2026-05-11T11:08,elizabeth52@leblanc.com
NW-SIG-00043,NW-K-00133,sent,2026-07-16T03:10,vdavis@cain-hawkins.org
NW-SIG-00044,NW-K-00086,signed,2026-05-06T16:20,elizabeth65@pugh.com
NW-SIG-00045,NW-K-00013,viewed,2026-02-14T10:03,caroline51@romero.com
NW-SIG-00046,NW-K-00064,signed,2026-05-01T06:44,megan51@andrews-aguirre.net
NW-SIG-00047,NW-K-00129,sent,2026-05-02T11:50,lynchdiane@adams.com
NW-SIG-00048,NW-K-00140,declined,2026-01-18T21:22,michael22@sandoval.com
NW-SIG-00049,NW-K-00057,signed,2026-03-13T01:41,reesejason@chavez-moore.com
NW-SIG-00050,NW-K-00228,viewed,2026-03-22T11:50,kimberly99@ware.com
NW-SIG-00051,NW-K-00133,signed,2026-04-15T02:30,craigjoseph@coleman.com
NW-SIG-00052,NW-K-00248,sent,2026-01-26T05:25,reeddaniel@gregory.com
NW-SIG-00053,NW-K-00175,voided,2026-03-10T17:09,randallgreene@harris.com
NW-SIG-00054,NW-K-00078,signed,2026-06-22T17:57,keith10@burgess-thompson.biz
NW-SIG-00055,NW-K-00196,viewed,2026-07-03T07:49,vincentwhitaker@jones-hensley.com
NW-SIG-00056,NW-K-00085,viewed,2026-05-27T09:20,esmith@johnston-berry.biz
NW-SIG-00057,NW-K-00027,signed,2026-02-27T10:08,darius05@solis.info
NW-SIG-00058,NW-K-00026,sent,2026-06-17T05:34,christopher13@chapman-warren.biz
NW-SIG-00059,NW-K-00243,viewed,2026-04-14T02:52,julie35@jones.com
NW-SIG-00060,NW-K-00194,signed,2026-06-13T20:43,rebeccabailey@mullen.com
NW-SIG-00061,NW-K-00242,viewed,2026-07-01T05:01,jonathanthompson@wolf.com
NW-SIG-00062,NW-K-00006,viewed,2026-07-06T16:18,stephanieburton@webster-wolf.info
NW-SIG-00063,NW-K-00195,signed,2026-01-29T07:18,michelle52@jones-ramos.com
NW-SIG-00064,NW-K-00049,declined,2026-05-30T18:55,brittany58@collins.com
NW-SIG-00065,NW-K-00221,signed,2026-04-29T05:43,woodjustin@lin.net
NW-SIG-00066,NW-K-00171,viewed,2026-02-20T13:00,jford@huang.com
NW-SIG-00067,NW-K-00130,signed,2026-06-14T06:49,cassidy82@hayes.com
NW-SIG-00068,NW-K-00236,signed,2026-04-17T06:42,benjaminzimmerman@warren-bishop.com
NW-SIG-00069,NW-K-00099,signed,2026-03-24T05:56,samantha66@shelton-williams.com
NW-SIG-00070,NW-K-00160,signed,2026-01-16T16:00,riveraangela@mitchell-cummings.org
NW-SIG-00071,NW-K-00034,sent,2026-02-20T07:37,mathewaguilar@rangel.biz
NW-SIG-00072,NW-K-00053,signed,2026-05-29T21:22,brookehurley@hansen-schneider.com
NW-SIG-00073,NW-K-00112,signed,2026-04-21T04:50,elizabethcalderon@osborn.biz
NW-SIG-00074,NW-K-00098,sent,2026-02-18T01:57,andrew42@peterson.com
NW-SIG-00075,NW-K-00029,voided,2026-04-07T13:57,zoemoore@richard-garcia.net
NW-SIG-00076,NW-K-00062,signed,2026-02-28T23:16,stanleynancy@anderson.org
NW-SIG-00077,NW-K-00044,declined,2026-03-04T19:49,jenniferwilliams@rhodes-young.info
NW-SIG-00078,NW-K-00192,signed,2026-03-26T03:10,karen73@allen.com
NW-SIG-00079,NW-K-00056,signed,2026-04-21T18:15,erika97@hammond-strickland.net
NW-SIG-00080,NW-K-00002,sent,2026-08-18T07:09+00:00,counsel@northwindsystems.com
NW-SIG-00081,NW-K-00000,sent,2026-08-18T07:33+00:00,counsel@northwindsystems.com
NW-SIG-00082,NW-K-00000,sent,2026-08-18T07:39+00:00,counsel@northwindsystems.com
